{
  "hash": "be1eff0d",
  "browserHash": "c9d69cd7",
  "optimized": {
    "@angular/common": {
      "src": "../../../../../node_modules/@angular/common/fesm2022/common.mjs",
      "file": "@angular_common.js",
      "fileHash": "d88eea19",
      "needsInterop": false
    },
    "@angular/core": {
      "src": "../../../../../node_modules/@angular/core/fesm2022/core.mjs",
      "file": "@angular_core.js",
      "fileHash": "113340cb",
      "needsInterop": false
    },
    "@angular/forms": {
      "src": "../../../../../node_modules/@angular/forms/fesm2022/forms.mjs",
      "file": "@angular_forms.js",
      "fileHash": "c9d12402",
      "needsInterop": false
    },
    "@angular/platform-browser": {
      "src": "../../../../../node_modules/@angular/platform-browser/fesm2022/platform-browser.mjs",
      "file": "@angular_platform-browser.js",
      "fileHash": "e9341d45",
      "needsInterop": false
    },
    "@angular/router": {
      "src": "../../../../../node_modules/@angular/router/fesm2022/router.mjs",
      "file": "@angular_router.js",
      "fileHash": "2900a5ca",
      "needsInterop": false
    },
    "ngx-owl-carousel-o": {
      "src": "../../../../../node_modules/ngx-owl-carousel-o/fesm2022/ngx-owl-carousel-o.mjs",
      "file": "ngx-owl-carousel-o.js",
      "fileHash": "aa246849",
      "needsInterop": false
    },
    "ngx-slick-carousel": {
      "src": "../../../../../node_modules/ngx-slick-carousel/fesm2022/ngx-slick-carousel.mjs",
      "file": "ngx-slick-carousel.js",
      "fileHash": "21dd054d",
      "needsInterop": false
    },
    "@angular/platform-browser/animations/async": {
      "src": "../../../../../node_modules/@angular/platform-browser/fesm2022/animations/async.mjs",
      "file": "@angular_platform-browser_animations_async.js",
      "fileHash": "04d8962d",
      "needsInterop": false
    },
    "@angular/material/card": {
      "src": "../../../../../node_modules/@angular/material/fesm2022/card.mjs",
      "file": "@angular_material_card.js",
      "fileHash": "fb6b328b",
      "needsInterop": false
    },
    "@angular/material/button": {
      "src": "../../../../../node_modules/@angular/material/fesm2022/button.mjs",
      "file": "@angular_material_button.js",
      "fileHash": "85e22c9d",
      "needsInterop": false
    },
    "@angular/common/http": {
      "src": "../../../../../node_modules/@angular/common/fesm2022/http.mjs",
      "file": "@angular_common_http.js",
      "fileHash": "14fef2ee",
      "needsInterop": false
    }
  },
  "chunks": {
    "chunk-HA633FVB": {
      "file": "chunk-HA633FVB.js"
    },
    "browser-OES4JT2V": {
      "file": "browser-OES4JT2V.js"
    },
    "chunk-PUIIEXDR": {
      "file": "chunk-PUIIEXDR.js"
    },
    "chunk-PZNNFFSS": {
      "file": "chunk-PZNNFFSS.js"
    },
    "chunk-YPOWS3FK": {
      "file": "chunk-YPOWS3FK.js"
    },
    "chunk-WOK4IZ3S": {
      "file": "chunk-WOK4IZ3S.js"
    },
    "chunk-H7LDSWMZ": {
      "file": "chunk-H7LDSWMZ.js"
    },
    "chunk-BZJC2MPH": {
      "file": "chunk-BZJC2MPH.js"
    },
    "chunk-BO46FFDL": {
      "file": "chunk-BO46FFDL.js"
    }
  }
}